[{
  "_id": {
    "$oid": "638bb111477bcee932596202"
  },
  "userId": "638af781fe87af804a6c164e",
  "orderData": [
    {
      "orderId": 8267,
      "date": "0/12/2022",
      "products": [
        {
          "productId": "638b0078823c475f4851840f",
          "quantity": 3,
          "total": 45,
          "color": "Yellow",
          "size": "Large"
        },
        {
          "productId": "638b0078823c475f4851840f",
          "quantity": 3,
          "total": 45,
          "color": "Green",
          "size": "Medium"
        },
        {
          "productId": "638b0054823c475f4851840a",
          "quantity": 3,
          "total": 30,
          "color": "Green",
          "size": "Large"
        }
      ],
      "address": {
        "name": "Muhammad Ahmed",
        "email": "ahmed.azhar2299@gmail.com",
        "completeAddress": "House # 184, Street # 7, Safari Villas, Bahria Town, Lahore.",
        "city": "Lahore",
        "province": "Punjab",
        "zip": "53720",
        "phone": "03238495352"
      }
    },
    {
      "orderId": 4466,
      "date": "0/12/2022",
      "products": [
        {
          "productId": "638affe5823c475f485183fb",
          "quantity": 4,
          "total": 200,
          "color": "Green",
          "size": "Large"
        },
        {
          "productId": "638affe5823c475f485183fb",
          "quantity": 4,
          "total": 200,
          "color": "Black",
          "size": "Large"
        }
      ],
      "address": {
        "name": "Muhammad Ahmed",
        "email": "ahmed.azhar2299@gmail.com",
        "completeAddress": "House # 184, Street # 7, Safari Villas, Bahria Town, Lahore.",
        "city": "Lahore",
        "province": "Punjab",
        "zip": "53720",
        "phone": "03238495352"
      }
    }
  ],
  "__v": 0
}]